{"stats":{"minecraft:picked_up":{"minecraft:mud":1},"minecraft:custom":{"minecraft:time_since_rest":2494,"minecraft:sprint_one_cm":8783,"minecraft:play_time":32238,"minecraft:damage_taken":130,"minecraft:walk_one_cm":12708,"minecraft:deaths":1,"minecraft:sneak_time":45,"minecraft:walk_under_water_one_cm":8666,"minecraft:mob_kills":31,"minecraft:aviate_one_cm":1123661,"minecraft:jump":70,"minecraft:damage_dealt":135,"minecraft:leave_game":10,"minecraft:walk_on_water_one_cm":3626,"minecraft:time_since_death":2470,"minecraft:climb_one_cm":11,"minecraft:total_world_time":32238,"minecraft:fall_one_cm":1802,"minecraft:fly_one_cm":64599},"minecraft:mined":{"minecraft:mud":1},"minecraft:used":{"minecraft:mud":1,"minecraft:firework_rocket":104,"minecraft:flint_and_steel":5,"minecraft:elytra":2},"minecraft:killed":{"minecraft:skeleton":1,"minecraft:bat":3,"minecraft:frog":1,"minecraft:zombie":1,"minecraft:pig":4,"minecraft:bee":4,"minecraft:tropical_fish":15,"minecraft:creeper":2}},"DataVersion":3120}