{
  "minecraft:recipes/transportation/dark_oak_boat": {
    "criteria": {
      "in_water": "2024-08-06 23:40:38 +0000"
    },
    "done": true
  },
  "minecraft:recipes/transportation/birch_boat": {
    "criteria": {
      "in_water": "2024-08-06 23:40:38 +0000"
    },
    "done": true
  },
  "minecraft:end/elytra": {
    "criteria": {
      "elytra": "2024-08-06 23:13:05 +0000"
    },
    "done": true
  },
  "minecraft:adventure/kill_a_mob": {
    "criteria": {
      "minecraft:creeper": "2024-08-07 02:47:34 +0000"
    },
    "done": true
  },
  "minecraft:recipes/transportation/mangrove_boat": {
    "criteria": {
      "in_water": "2024-08-06 23:40:38 +0000"
    },
    "done": true
  },
  "minecraft:adventure/kill_all_mobs": {
    "criteria": {
      "minecraft:skeleton": "2024-08-07 02:47:34 +0000",
      "minecraft:creeper": "2024-08-07 02:47:34 +0000",
      "minecraft:zombie": "2024-08-07 02:47:37 +0000"
    },
    "done": false
  },
  "minecraft:recipes/transportation/acacia_boat": {
    "criteria": {
      "in_water": "2024-08-06 23:40:38 +0000"
    },
    "done": true
  },
  "minecraft:recipes/transportation/oak_boat": {
    "criteria": {
      "in_water": "2024-08-06 23:40:38 +0000"
    },
    "done": true
  },
  "minecraft:recipes/building_blocks/packed_mud": {
    "criteria": {
      "has_mud": "2024-08-07 02:49:15 +0000"
    },
    "done": true
  },
  "minecraft:adventure/root": {
    "criteria": {
      "killed_something": "2024-08-07 02:46:53 +0000"
    },
    "done": true
  },
  "minecraft:recipes/transportation/jungle_boat": {
    "criteria": {
      "in_water": "2024-08-06 23:40:38 +0000"
    },
    "done": true
  },
  "minecraft:recipes/transportation/spruce_boat": {
    "criteria": {
      "in_water": "2024-08-06 23:40:38 +0000"
    },
    "done": true
  },
  "minecraft:adventure/adventuring_time": {
    "criteria": {
      "minecraft:beach": "2024-08-06 23:18:25 +0000",
      "minecraft:mangrove_swamp": "2024-08-06 23:18:21 +0000",
      "minecraft:sparse_jungle": "2024-08-07 02:48:12 +0000",
      "minecraft:river": "2024-08-06 23:18:28 +0000",
      "minecraft:lukewarm_ocean": "2024-08-06 23:44:08 +0000",
      "minecraft:forest": "2024-08-06 23:11:20 +0000",
      "minecraft:windswept_savanna": "2024-08-06 23:40:32 +0000",
      "minecraft:savanna": "2024-08-06 23:18:31 +0000",
      "minecraft:plains": "2024-08-06 23:24:27 +0000"
    },
    "done": false
  },
  "DataVersion": 3120
}